﻿<?xml version="1.0" encoding="utf-8" standalone="no" ?>
<modDesc descVersion="67">
    <author>MISSYB, Volcan</author>
    <version>1.0.0.0</version>
    <title>
        <en>Avon Valley</en>
        <de></de>
    </title>
    <description>
        <en><![CDATA[Welcome to Avon Valley, this tranqual map is perfect if you want no fuss, no hasssel to create your own map, it has the basic needs to get started, a shop, BGA and anmial dealer. There is three sell points inclueded, bales, liquids and grain/production produce. Those that want a start from scracth i have inmcliuded a small forset fopr you to use to getr started.]]></en>
        <de><![CDATA[]]></de>
    </description>
	
    <iconFilename>icon.png</iconFilename>
    <multiplayer supported="true"/>
    <maps>
        <map id="SampleModMap" className="Mission00" filename="$dataS/scripts/missions/mission00.lua" configFilename="maps/map.xml" defaultVehiclesXMLFilename="maps/vehicles.xml" defaultPlaceablesXMLFilename="maps/placeables.xml" defaultItemsXMLFilename="maps/items.xml">
            <title>
                <en>Avon Valley</en>
                <de></de>
            </title>
            <description>
                <en>Blank map with the minimum you need to get started and a small forest.
				Custom made BGA
				Custom made lime production</en>
                <de></de>
            </description>
            <iconFilename>preview.png</iconFilename>
        </map>
    </maps>
	
	<storeItems>
	    <storeItem xmlFilename="maps/placeables/grainSellingAD.xml"/>
        <storeItem xmlFilename="maps/placeables/grainSellingDS.xml"/>
		<storeItem xmlFilename="maps/placeables/grainSellingL.xml"/>
		<storeItem xmlFilename="maps/placeables/limeCrusher.xml"/>
		<storeItem xmlFilename="maps/placeables/bga.xml"/>
		<storeItem xmlFilename="maps/placeables/sellingStationVehicles.xml"/>
		<storeItem xmlFilename="maps/placeables/waterFillTriggers.xml"/>
		<storeItem xmlFilename="maps/vehicle/mks32.xml"/>
		<storeItem xmlFilename="maps/vehicle/mks8.xml"/>
	</storeItems>
</modDesc>
