<?xml version="1.0" encoding="utf-8" standalone="no" ?>
<placeable type="sellingStation" xmlns:xsi="http://www.w3.org/2001/XMLSchema-instance" xsi:noNamespaceSchemaLocation="../../../../shared/xml/schema/placeable.xsd">
 <storeData>
  <name>Grain Selling Liquid</name>
  <image>$data/store/store_empty.png</image>
  <price>1</price>
  <canBeSold>false</canBeSold>
  <showInStore>false</showInStore>
  <lifetime>1000</lifetime>
  <rotation>0</rotation>
  <brand>NONE</brand>
  <species>placeable</species>
  <category>placeableMisc</category>
 </storeData>

 <base>
  <filename>maps/placeables/grainSellingL.i3d</filename>
 </base>

 <placement />

 <clearAreas></clearAreas>

 <leveling></leveling>

 <indoorAreas></indoorAreas>

 <ai>
  <updateAreas>
   <updateArea startNode="tipOcclusionUpdateArea1Start" endNode="tipOcclusionUpdateArea1End" />
  </updateAreas>
  <splines>
   <spline node="aiSplineGrain" />
  </splines>
 </ai>

 <tipOcclusionUpdateAreas>
  <tipOcclusionUpdateArea startNode="tipOcclusionUpdateArea1Start" endNode="tipOcclusionUpdateArea1End" />
 </tipOcclusionUpdateAreas>

 <hotspots>
  <hotspot type="UNLOADING" teleportNode="teleportNode" />
 </hotspots>

 <triggerMarkers>
  <triggerMarker node="unloadTriggerGrainMarker"    filename="$data/shared/assets/marker/markerIcons.xml" id="UNLOAD" adjustToGround="false" />
 </triggerMarkers>

 <sellingStation supportsExtension="false" litersForFullPriceDrop="200000" fullPriceRecoverHours="48">
  <unloadTrigger exactFillRootNode="unloadTriggerGrain" aiNode="aiNodeGrain" fillTypes="LIQUIDFERTILIZER HERBICIDE LIQUIDMANURE DIGESTATE METHANE MILK WATER DIESEL DEF"/>
  <fillType name="LIQUIDFERTILIZER"	priceScale="1"		supportsGreatDemand="true"		disablePriceDrop="false" />
  <fillType name="HERBICIDE"	priceScale="1"		supportsGreatDemand="true"		disablePriceDrop="false" />
  <fillType name="LIQUIDMANURE"	priceScale="1"		supportsGreatDemand="true"		disablePriceDrop="false" />
  <fillType name="DIGESTATE"	priceScale="20"		supportsGreatDemand="true"		disablePriceDrop="false" />
  <fillType name="METHANE"	priceScale="1.5"		supportsGreatDemand="true"		disablePriceDrop="false" />
  <fillType name="MILK"	priceScale="1"		supportsGreatDemand="true"		disablePriceDrop="false" />
  <fillType name="WATER"	priceScale="1.2"		supportsGreatDemand="true"		disablePriceDrop="false" />
  <fillType name="DIESEL"	priceScale="1.5"		supportsGreatDemand="true"		disablePriceDrop="false" />
  <fillType name="DEF"	priceScale="1"		supportsGreatDemand="true"		disablePriceDrop="false" />
 </sellingStation>

 <i3dMappings>
  <i3dMapping id="unloadingStation" node="0>" />
  <i3dMapping id="tipOcclusionUpdateArea1Start" node="0>0|0" />
  <i3dMapping id="tipOcclusionUpdateArea1End" node="0>0|0|0" />
  <i3dMapping id="unloadTriggerGrain" node="0>1" />
  <i3dMapping id="unloadTriggerGrainMarker" node="0>1|0" />
  <i3dMapping id="teleportNode" node="0>2" />
  <i3dMapping id="aiNodeGrain" node="0>3" />
  <i3dMapping id="aiSplineGrain" node="0>4" />
 </i3dMappings>

</placeable>
