<?xml version="1.0" encoding="utf-8" standalone="no" ?>
<placeable type="workshop" xmlns:xsi="http://www.w3.org/2001/XMLSchema-instance" xsi:noNamespaceSchemaLocation="../../../../shared/xml/schema/placeable.xsd">
 <storeData>
  <name>$l10n_vehicle_shop</name>
  <image>$data/store/store_empty.png</image>
  <price>1</price>
  <canBeSold>false</canBeSold>
  <showInStore>false</showInStore>
  <lifetime>1000</lifetime>
  <rotation>0</rotation>
  <brand>NONE</brand>
  <species>placeable</species>
  <category>placeableMisc</category>
 </storeData>

 <base>
  <filename>maps/placeables/sellingStationVehicles.i3d</filename>
 </base>

 <placement useRandomYRotation="false" useManualYRotation="true" />

 <triggerMarkers>
  <triggerMarker node="playerTriggerMarker" filename="$data/shared/assets/marker/markerIcons.xml" id="WRENCH" adjustToGround="false" />
 </triggerMarkers>

 <clearAreas></clearAreas>

 <leveling></leveling>

 <indoorAreas></indoorAreas>

 <tipOcclusionUpdateAreas>
  <tipOcclusionUpdateArea startNode="tipOcclusionUpdateArea1Start" endNode="tipOcclusionUpdateArea1End" />
 </tipOcclusionUpdateAreas>

 <ai>
  <updateAreas></updateAreas>
 </ai>

 <workshop>
  <sellingPoint playerTriggerNode="playerInteractionTrigger" iconNode="workshopMarker" sellTriggerNode="vehicleTrigger" ownWorkshop="false" />
 </workshop>

 <i3dMappings>
  <i3dMapping id="vehicleTrigger" node="0>0" />
  <i3dMapping id="playerInteractionTrigger" node="0>1" />
  <i3dMapping id="workshopMarker" node="0>1|0" />
  <i3dMapping id="playerTriggerMarker" node="0>1|0|0" />
  <i3dMapping id="hotspotNode" node="0>2" />
  <i3dMapping id="teleportNode" node="0>3" />
  <i3dMapping id="tipOcclusionUpdateArea1Start" node="0>5" />
  <i3dMapping id="tipOcclusionUpdateArea1End" node="0>5|0" />
 </i3dMappings>

</placeable>
