<?xml version="1.0" encoding="utf-8" standalone="no" ?>
<placeable type="buyingStation" xmlns:xsi="http://www.w3.org/2001/XMLSchema-instance" xsi:noNamespaceSchemaLocation="../../../../shared/xml/schema/placeable.xsd">
    <storeData>
        <name>waterFillTriggers</name>
        <image>$data/store/store_empty.png</image>
        <price>1</price>
        <canBeSold>false</canBeSold>
        <showInStore>false</showInStore>
        <lifetime>1000</lifetime>
        <rotation>0</rotation>
        <brand>NONE</brand>
        <species>placeable</species>
        <category>placeableMisc</category>
    </storeData>

    <base>
        <filename>maps/placeables/waterFillTriggers.i3d</filename>
    </base>

    <placement useRandomYRotation="false" useManualYRotation="true" />

    <clearAreas></clearAreas>

    <leveling></leveling>

    <indoorAreas></indoorAreas>

    <ai>
        <updateAreas></updateAreas>
    </ai>

    <buyingStation node="0" stationName="waterFillTrigger" supportsExtension="false" >
        <loadTrigger triggerNode="0"  fillTypes="WATER" fillLitersPerSecond="800" autoStart="false"/> <!-- watertower01 -->
        <fillType name="water" priceScale="0" />
    </buyingStation>

</placeable>
